,site,plot,density_category,density_level,method,date,sample_day,phylum,species,microsite,daily_animal_totals
2,3,5,HD,3,camera trap,02-Jun,17,vertebrate,Ammospermophilus nelsoni,shrub,1
16,3,5,HD,3,camera trap,09-Jun,24,vertebrate,Ammospermophilus nelsoni,shrub,1
18,3,5,HD,3,camera trap,10-Jun,25,vertebrate,Ammospermophilus nelsoni,shrub,1
22,3,5,HD,3,camera trap,18-May,2,vertebrate,Ammospermophilus nelsoni,shrub,1
25,3,5,HD,3,camera trap,19-May,3,vertebrate,Ammospermophilus nelsoni,shrub,2
29,3,5,HD,3,camera trap,23-May,7,vertebrate,Ammospermophilus nelsoni,shrub,1
32,3,5,HD,3,camera trap,24-May,8,vertebrate,Ammospermophilus nelsoni,shrub,1
39,3,5,HD,3,camera trap,29-May,13,vertebrate,Ammospermophilus nelsoni,shrub,2
67,3,5,HD,3,transect,04-Jun-19,19,vertebrate,Ammospermophilus nelsoni,shrub,1
85,3,5,HD,3,transect,25-May-19,9,vertebrate,Ammospermophilus nelsoni,shrub,1
106,3,6,MD,2,camera trap,02-Jun,17,vertebrate,Ammospermophilus nelsoni,shrub,1
107,3,6,MD,2,camera trap,03-Jun,18,vertebrate,Ammospermophilus nelsoni,open,3
112,3,6,MD,2,camera trap,05-Jun,20,vertebrate,Ammospermophilus nelsoni,open,2
117,3,6,MD,2,camera trap,07-Jun,22,vertebrate,Ammospermophilus nelsoni,shrub,1
125,3,6,MD,2,camera trap,10-Jun,25,vertebrate,Ammospermophilus nelsoni,shrub,1
136,3,6,MD,2,camera trap,20-May,4,vertebrate,Ammospermophilus nelsoni,shrub,1
141,3,6,MD,2,camera trap,22-May,6,vertebrate,Ammospermophilus nelsoni,shrub,1
145,3,6,MD,2,camera trap,24-May,8,vertebrate,Ammospermophilus nelsoni,open,1
147,3,6,MD,2,camera trap,25-May,9,vertebrate,Ammospermophilus nelsoni,open,2
148,3,6,MD,2,camera trap,25-May,9,vertebrate,Ammospermophilus nelsoni,shrub,1
150,3,6,MD,2,camera trap,26-May,10,vertebrate,Ammospermophilus nelsoni,shrub,1
154,3,6,MD,2,camera trap,28-May,12,vertebrate,Ammospermophilus nelsoni,shrub,1
177,3,6,MD,2,focal,04-Jun-19,19,vertebrate,Ammospermophilus nelsoni,open,1
178,3,6,MD,2,focal,04-Jun-19,19,vertebrate,Ammospermophilus nelsoni,shrub,1
207,3,6,MD,2,transect,07-Jun-19,22,vertebrate,Ammospermophilus nelsoni,shrub,1
234,3,7,LD,1,camera trap,01-Jun,16,vertebrate,Ammospermophilus nelsoni,shrub,1
236,3,7,LD,1,camera trap,02-Jun,17,vertebrate,Ammospermophilus nelsoni,open,1
238,3,7,LD,1,camera trap,03-Jun,18,vertebrate,Ammospermophilus nelsoni,open,1
246,3,7,LD,1,camera trap,06-Jun,21,vertebrate,Ammospermophilus nelsoni,open,1
252,3,7,LD,1,camera trap,08-Jun,23,vertebrate,Ammospermophilus nelsoni,open,1
255,3,7,LD,1,camera trap,09-Jun,24,vertebrate,Ammospermophilus nelsoni,open,1
266,3,7,LD,1,camera trap,18-May,2,vertebrate,Ammospermophilus nelsoni,open,1
271,3,7,LD,1,camera trap,19-May,3,vertebrate,Ammospermophilus nelsoni,open,1
275,3,7,LD,1,camera trap,20-May,4,vertebrate,Ammospermophilus nelsoni,open,2
280,3,7,LD,1,camera trap,21-May,5,vertebrate,Ammospermophilus nelsoni,open,3
287,3,7,LD,1,camera trap,26-May,10,vertebrate,Ammospermophilus nelsoni,open,1
296,3,7,LD,1,camera trap,30-May,14,vertebrate,Ammospermophilus nelsoni,open,2
297,3,7,LD,1,camera trap,30-May,14,vertebrate,Ammospermophilus nelsoni,shrub,2
299,3,7,LD,1,camera trap,31-May,15,vertebrate,Ammospermophilus nelsoni,open,2
326,3,7,LD,1,transect,04-Jun-19,19,vertebrate,Ammospermophilus nelsoni,shrub,3
340,3,7,LD,1,transect,25-May-19,9,vertebrate,Ammospermophilus nelsoni,shrub,1
359,3,8,ND,0,camera trap,03-Jun,18,vertebrate,Ammospermophilus nelsoni,open,2
362,3,8,ND,0,camera trap,04-Jun,19,vertebrate,Ammospermophilus nelsoni,open,1
370,3,8,ND,0,camera trap,07-Jun,22,vertebrate,Ammospermophilus nelsoni,open,1
376,3,8,ND,0,camera trap,20-May,4,vertebrate,Ammospermophilus nelsoni,open,1
386,3,8,ND,0,camera trap,27-May,11,vertebrate,Ammospermophilus nelsoni,open,2
421,3,8,ND,0,transect,12-Jun-19,27,vertebrate,Ammospermophilus nelsoni,open,1
424,3,8,ND,0,transect,23-May-19,7,vertebrate,Ammospermophilus nelsoni,shrub,1
428,3,8,ND,0,transect,25-May-19,9,vertebrate,Ammospermophilus nelsoni,shrub,1
453,4,1,HD,3,camera trap,02-Jun,17,vertebrate,Ammospermophilus nelsoni,shrub,1
457,4,1,HD,3,camera trap,03-Jun,18,vertebrate,Ammospermophilus nelsoni,shrub,1
460,4,1,HD,3,camera trap,04-Jun,19,vertebrate,Ammospermophilus nelsoni,shrub,2
464,4,1,HD,3,camera trap,05-Jun,20,vertebrate,Ammospermophilus nelsoni,shrub,1
469,4,1,HD,3,camera trap,07-Jun,22,vertebrate,Ammospermophilus nelsoni,shrub,4
473,4,1,HD,3,camera trap,08-Jun,23,vertebrate,Ammospermophilus nelsoni,shrub,2
478,4,1,HD,3,camera trap,09-Jun,24,vertebrate,Ammospermophilus nelsoni,shrub,2
481,4,1,HD,3,camera trap,10-Jun,25,vertebrate,Ammospermophilus nelsoni,shrub,5
484,4,1,HD,3,camera trap,11-Jun,26,vertebrate,Ammospermophilus nelsoni,shrub,1
517,4,1,HD,3,camera trap,30-May,14,vertebrate,Ammospermophilus nelsoni,shrub,1
525,4,1,HD,3,focal,02-Jun-19,17,vertebrate,Ammospermophilus nelsoni,shrub,1
534,4,1,HD,3,focal,06-Jun-19,21,vertebrate,Ammospermophilus nelsoni,shrub,2
540,4,1,HD,3,focal,25-May-19,9,vertebrate,Ammospermophilus nelsoni,shrub,1
566,4,1,HD,3,transect,29-May-19,13,vertebrate,Ammospermophilus nelsoni,shrub,2
572,4,1,HD,3,transect,31-May-19,15,vertebrate,Ammospermophilus nelsoni,shrub,1
577,4,2,MD,2,camera trap,01-Jun,16,vertebrate,Ammospermophilus nelsoni,open,1
583,4,2,MD,2,camera trap,02-Jun,17,vertebrate,Ammospermophilus nelsoni,open,1
586,4,2,MD,2,camera trap,03-Jun,18,vertebrate,Ammospermophilus nelsoni,open,1
591,4,2,MD,2,camera trap,04-Jun,19,vertebrate,Ammospermophilus nelsoni,open,1
597,4,2,MD,2,camera trap,05-Jun,20,vertebrate,Ammospermophilus nelsoni,shrub,3
639,4,2,MD,2,camera trap,22-May,6,vertebrate,Ammospermophilus nelsoni,open,2
641,4,2,MD,2,camera trap,23-May,7,vertebrate,Ammospermophilus nelsoni,open,1
645,4,2,MD,2,camera trap,24-May,8,vertebrate,Ammospermophilus nelsoni,open,6
655,4,2,MD,2,camera trap,27-May,11,vertebrate,Ammospermophilus nelsoni,open,1
660,4,2,MD,2,camera trap,28-May,12,vertebrate,Ammospermophilus nelsoni,open,3
663,4,2,MD,2,camera trap,29-May,13,vertebrate,Ammospermophilus nelsoni,open,1
674,4,2,MD,2,camera trap,31-May,15,vertebrate,Ammospermophilus nelsoni,open,2
705,4,2,MD,2,transect,04-Jun-19,19,vertebrate,Ammospermophilus nelsoni,shrub,1
710,4,2,MD,2,transect,06-Jun-19,21,vertebrate,Ammospermophilus nelsoni,shrub,1
770,4,3,LD,1,camera trap,29-May,13,vertebrate,Ammospermophilus nelsoni,open,1
776,4,3,LD,1,focal,02-Jun-19,17,vertebrate,Ammospermophilus nelsoni,shrub,1
794,4,3,LD,1,focal,31-May-19,15,vertebrate,Ammospermophilus nelsoni,shrub,1
797,4,3,LD,1,transect,04-Jun-19,19,vertebrate,Ammospermophilus nelsoni,shrub,1
819,4,3,LD,1,transect,29-May-19,13,vertebrate,Ammospermophilus nelsoni,shrub,1
825,4,3,LD,1,transect,31-May-19,15,vertebrate,Ammospermophilus nelsoni,shrub,2
834,4,4,ND,0,camera trap,03-Jun,18,vertebrate,Ammospermophilus nelsoni,open,2
839,4,4,ND,0,camera trap,05-Jun,20,vertebrate,Ammospermophilus nelsoni,open,1
844,4,4,ND,0,camera trap,07-Jun,22,vertebrate,Ammospermophilus nelsoni,open,1
897,4,4,ND,0,camera trap,31-May,15,vertebrate,Ammospermophilus nelsoni,open,2
906,4,4,ND,0,focal,06-Jun-19,21,vertebrate,Ammospermophilus nelsoni,open,1
948,4,5,HD,3,transect,25-May-19,9,vertebrate,Ammospermophilus nelsoni,shrub,1
59,3,5,HD,3,focal,28-May-19,12,invertebrate,Andrena nigripes,shrub,1
194,3,6,MD,2,focal,28-May-19,12,invertebrate,Andrena nigripes,shrub,1
718,4,2,MD,2,transect,21-May-19,5,invertebrate,Andrena nigripes,shrub,1
937,4,4,ND,0,transect,29-May-19,13,invertebrate,Andrena nigripes,shrub,1
53,3,5,HD,3,focal,07-Jun-19,22,vertebrate,Aspidoscelis tigris,shrub,1
90,3,5,HD,3,transect,25-May-19,9,vertebrate,Aspidoscelis tigris,shrub,1
222,3,6,MD,2,transect,25-May-19,9,vertebrate,Aspidoscelis tigris,shrub,2
701,4,2,MD,2,focal,29-May-19,13,vertebrate,Aspidoscelis tigris,shrub,1
704,4,2,MD,2,focal,31-May-19,15,vertebrate,Aspidoscelis tigris,shrub,1
282,3,7,LD,1,camera trap,21-May,5,vertebrate,Buteo jamaicensis,open,1
507,4,1,HD,3,camera trap,25-May,9,vertebrate,Buteo jamaicensis,shrub,1
68,3,5,HD,3,transect,04-Jun-19,19,invertebrate,Calathus ruficollis,shrub,2
91,3,5,HD,3,transect,28-May-19,12,invertebrate,Calathus ruficollis,shrub,1
202,3,6,MD,2,transect,04-Jun-19,19,invertebrate,Calathus ruficollis,shrub,1
317,3,7,LD,1,focal,28-May-19,12,invertebrate,Calathus ruficollis,shrub,1
784,4,3,LD,1,focal,25-May-19,9,invertebrate,Calathus ruficollis,shrub,1
938,4,4,ND,0,transect,29-May-19,13,invertebrate,Calathus ruficollis,open,1
285,3,7,LD,1,camera trap,25-May,9,invertebrate,Calathus ruficollis,open,1
230,3,6,MD,2,transect,31-May-19,15,vertebrate,Calypte anna,shrub,1
778,4,3,LD,1,focal,02-Jun-19,17,vertebrate,Calypte anna,open,1
7,3,5,HD,3,camera trap,05-Jun,20,vertebrate,Chondestes grammacus,shrub,1
14,3,5,HD,3,camera trap,08-Jun,23,vertebrate,Chondestes grammacus,shrub,3
49,3,5,HD,3,focal,07-Jun-19,22,vertebrate,Chondestes grammacus,shrub,1
56,3,5,HD,3,focal,25-May-19,9,vertebrate,Chondestes grammacus,shrub,1
69,3,5,HD,3,transect,04-Jun-19,19,vertebrate,Chondestes grammacus,open,1
70,3,5,HD,3,transect,04-Jun-19,19,vertebrate,Chondestes grammacus,shrub,1
71,3,5,HD,3,transect,04-Jun-19,19,vertebrate,Chondestes grammacus,shrub,1
81,3,5,HD,3,transect,23-May-19,7,vertebrate,Chondestes grammacus,shrub,5
86,3,5,HD,3,transect,25-May-19,9,vertebrate,Chondestes grammacus,shrub,4
97,3,5,HD,3,transect,31-May-19,15,vertebrate,Chondestes grammacus,open,1
103,3,5,MD,2,focal,04-Jun-19,19,vertebrate,Chondestes grammacus,shrub,1
108,3,6,MD,2,camera trap,03-Jun,18,vertebrate,Chondestes grammacus,shrub,1
167,3,6,MD,2,camera trap,31-May,15,vertebrate,Chondestes grammacus,shrub,1
172,3,6,MD,2,focal,02-Jun-19,17,vertebrate,Chondestes grammacus,shrub,1
179,3,6,MD,2,focal,04-Jun-19,19,vertebrate,Chondestes grammacus,shrub,1
187,3,6,MD,2,focal,18-May-19,2,vertebrate,Chondestes grammacus,open,1
188,3,6,MD,2,focal,18-May-19,2,vertebrate,Chondestes grammacus,shrub,1
195,3,6,MD,2,focal,28-May-19,12,vertebrate,Chondestes grammacus,shrub,1
214,3,6,MD,2,transect,23-May-19,7,vertebrate,Chondestes grammacus,shrub,1
218,3,6,MD,2,transect,25-May-19,9,vertebrate,Chondestes grammacus,shrub,1
256,3,7,LD,1,camera trap,09-Jun,24,vertebrate,Chondestes grammacus,open,1
267,3,7,LD,1,camera trap,18-May,2,vertebrate,Chondestes grammacus,open,1
281,3,7,LD,1,camera trap,21-May,5,vertebrate,Chondestes grammacus,open,1
290,3,7,LD,1,camera trap,28-May,12,vertebrate,Chondestes grammacus,open,1
318,3,7,LD,1,focal,28-May-19,12,vertebrate,Chondestes grammacus,shrub,1
324,3,7,LD,1,focal,31-May-19,15,vertebrate,Chondestes grammacus,open,1
330,3,7,LD,1,transect,07-Jun-19,22,vertebrate,Chondestes grammacus,shrub,1
335,3,7,LD,1,transect,12-Jun-19,27,vertebrate,Chondestes grammacus,shrub,1
341,3,7,LD,1,transect,25-May-19,9,vertebrate,Chondestes grammacus,shrub,1
355,3,8,ND,0,camera trap,02-Jun,17,vertebrate,Chondestes grammacus,open,1
379,3,8,ND,0,camera trap,22-May,6,vertebrate,Chondestes grammacus,open,1
397,3,8,ND,0,focal,02-Jun-19,17,vertebrate,Chondestes grammacus,open,1
470,4,1,HD,3,camera trap,07-Jun,22,vertebrate,Chondestes grammacus,shrub,1
518,4,1,HD,3,camera trap,30-May,14,vertebrate,Chondestes grammacus,shrub,1
535,4,1,HD,3,focal,06-Jun-19,21,vertebrate,Chondestes grammacus,shrub,1
544,4,1,HD,3,focal,29-May-19,13,vertebrate,Chondestes grammacus,shrub,4
548,4,1,HD,3,focal,31-May-19,15,vertebrate,Chondestes grammacus,shrub,1
573,4,1,HD,3,transect,31-May-19,15,vertebrate,Chondestes grammacus,shrub,2
656,4,2,MD,2,camera trap,27-May,11,vertebrate,Chondestes grammacus,shrub,1
686,4,2,MD,2,focal,06-Jun-19,21,vertebrate,Chondestes grammacus,shrub,2
769,4,3,LD,1,camera trap,25-May,9,vertebrate,Chondestes grammacus,open,1
785,4,3,LD,1,focal,25-May-19,9,vertebrate,Chondestes grammacus,shrub,2
795,4,3,LD,1,focal,31-May-19,15,vertebrate,Chondestes grammacus,open,1
809,4,3,LD,1,transect,21-May-19,5,vertebrate,Chondestes grammacus,shrub,1
811,4,3,LD,1,transect,25-May-19,9,vertebrate,Chondestes grammacus,shrub,4
826,4,3,LD,1,transect,31-May-19,15,vertebrate,Chondestes grammacus,shrub,1
847,4,4,ND,0,camera trap,08-Jun,23,vertebrate,Chondestes grammacus,open,2
854,4,4,ND,0,camera trap,10-Jun,25,vertebrate,Chondestes grammacus,open,1
928,4,4,ND,0,transect,21-May-19,5,vertebrate,Chondestes grammacus,open,1
939,4,4,ND,0,transect,29-May-19,13,vertebrate,Chondestes grammacus,open,1
944,4,4,ND,0,transect,31-May-19,15,vertebrate,Chondestes grammacus,open,1
949,4,5,HD,3,transect,25-May-19,9,vertebrate,Chondestes grammacus,shrub,1
329,3,7,LD,1,transect,04-Jun-19,19,vertebrate,Corvus corax,open,1
385,3,8,ND,0,camera trap,26-May,10,vertebrate,Corvus corax,open,2
389,3,8,ND,0,camera trap,27-May,11,vertebrate,Corvus corax,open,1
729,4,2,MD,2,transect,25-May-19,9,vertebrate,Crotalus oreganus,shrub,1
681,4,2,MD,2,focal,02-Jun-19,17,invertebrate,Dasymutilla aureola,open,1
61,3,5,HD,3,focal,28-May-19,12,invertebrate,Dicolonus simplex,shrub,2
64,3,5,HD,3,focal,31-May-19,15,invertebrate,Dicolonus simplex,shrub,1
93,3,5,HD,3,transect,28-May-19,12,invertebrate,Dicolonus simplex,shrub,1
173,3,6,MD,2,focal,02-Jun-19,17,invertebrate,Dicolonus simplex,open,1
184,3,6,MD,2,focal,07-Jun-19,22,invertebrate,Dicolonus simplex,open,1
224,3,6,MD,2,transect,28-May-19,12,invertebrate,Dicolonus simplex,open,1
225,3,6,MD,2,transect,28-May-19,12,invertebrate,Dicolonus simplex,shrub,1
321,3,7,LD,1,focal,28-May-19,12,invertebrate,Dicolonus simplex,open,1
407,3,8,ND,0,focal,28-May-19,12,invertebrate,Dicolonus simplex,open,1
410,3,8,ND,0,focal,31-May-19,15,invertebrate,Dicolonus simplex,open,1
436,3,8,ND,0,transect,28-May-19,12,invertebrate,Dicolonus simplex,shrub,1
536,4,1,HD,3,focal,06-Jun-19,21,invertebrate,Dicolonus simplex,open,2
545,4,1,HD,3,focal,29-May-19,13,invertebrate,Dicolonus simplex,open,1
568,4,1,HD,3,transect,29-May-19,13,invertebrate,Dicolonus simplex,shrub,1
682,4,2,MD,2,focal,04-Jun-19,19,invertebrate,Dicolonus simplex,open,2
687,4,2,MD,2,focal,06-Jun-19,21,invertebrate,Dicolonus simplex,open,1
696,4,2,MD,2,focal,29-May-19,13,invertebrate,Dicolonus simplex,open,1
697,4,2,MD,2,focal,29-May-19,13,invertebrate,Dicolonus simplex,NA,1
702,4,2,MD,2,focal,31-May-19,15,invertebrate,Dicolonus simplex,shrub,1
725,4,2,MD,2,transect,25-May-19,9,invertebrate,Dicolonus simplex,shrub,1
730,4,2,MD,2,transect,29-May-19,13,invertebrate,Dicolonus simplex,open,1
731,4,2,MD,2,transect,29-May-19,13,invertebrate,Dicolonus simplex,shrub,2
788,4,3,LD,1,focal,25-May-19,9,invertebrate,Dicolonus simplex,open,1
792,4,3,LD,1,focal,29-May-19,13,invertebrate,Dicolonus simplex,open,3
821,4,3,LD,1,transect,29-May-19,13,invertebrate,Dicolonus simplex,shrub,1
900,4,4,ND,0,focal,02-Jun-19,17,invertebrate,Dicolonus simplex,open,2
903,4,4,ND,0,focal,04-Jun-19,19,invertebrate,Dicolonus simplex,open,3
912,4,4,ND,0,focal,25-May-19,9,invertebrate,Dicolonus simplex,open,3
916,4,4,ND,0,focal,29-May-19,13,invertebrate,Dicolonus simplex,open,1
1,3,5,HD,3,camera trap,01-Jun,16,vertebrate,Dipodomys ingens,shrub,1
4,3,5,HD,3,camera trap,02-Jun,17,vertebrate,Dipodomys ingens,shrub,1
5,3,5,HD,3,camera trap,03-Jun,18,vertebrate,Dipodomys ingens,shrub,1
8,3,5,HD,3,camera trap,05-Jun,20,vertebrate,Dipodomys ingens,shrub,2
10,3,5,HD,3,camera trap,06-Jun,21,vertebrate,Dipodomys ingens,shrub,4
12,3,5,HD,3,camera trap,07-Jun,22,vertebrate,Dipodomys ingens,shrub,4
15,3,5,HD,3,camera trap,08-Jun,23,vertebrate,Dipodomys ingens,shrub,3
17,3,5,HD,3,camera trap,09-Jun,24,vertebrate,Dipodomys ingens,shrub,1
19,3,5,HD,3,camera trap,10-Jun,25,vertebrate,Dipodomys ingens,shrub,4
20,3,5,HD,3,camera trap,11-Jun,26,vertebrate,Dipodomys ingens,shrub,2
21,3,5,HD,3,camera trap,12-Jun,27,vertebrate,Dipodomys ingens,shrub,5
24,3,5,HD,3,camera trap,18-May,2,vertebrate,Dipodomys ingens,shrub,1
26,3,5,HD,3,camera trap,19-May,3,vertebrate,Dipodomys ingens,shrub,1
30,3,5,HD,3,camera trap,23-May,7,vertebrate,Dipodomys ingens,shrub,1
33,3,5,HD,3,camera trap,24-May,8,vertebrate,Dipodomys ingens,shrub,1
36,3,5,HD,3,camera trap,27-May,11,vertebrate,Dipodomys ingens,shrub,1
40,3,5,HD,3,camera trap,29-May,13,vertebrate,Dipodomys ingens,shrub,1
41,3,5,HD,3,camera trap,30-May,14,vertebrate,Dipodomys ingens,shrub,3
42,3,5,HD,3,camera trap,31-May,15,vertebrate,Dipodomys ingens,shrub,3
104,3,6,MD,2,camera trap,01-Jun,16,vertebrate,Dipodomys ingens,open,1
105,3,6,MD,2,camera trap,01-Jun,16,vertebrate,Dipodomys ingens,shrub,5
109,3,6,MD,2,camera trap,03-Jun,18,vertebrate,Dipodomys ingens,open,7
110,3,6,MD,2,camera trap,04-Jun,19,vertebrate,Dipodomys ingens,open,1
111,3,6,MD,2,camera trap,04-Jun,19,vertebrate,Dipodomys ingens,shrub,2
113,3,6,MD,2,camera trap,05-Jun,20,vertebrate,Dipodomys ingens,shrub,4
115,3,6,MD,2,camera trap,06-Jun,21,vertebrate,Dipodomys ingens,open,2
116,3,6,MD,2,camera trap,06-Jun,21,vertebrate,Dipodomys ingens,shrub,3
119,3,6,MD,2,camera trap,07-Jun,22,vertebrate,Dipodomys ingens,open,3
120,3,6,MD,2,camera trap,07-Jun,22,vertebrate,Dipodomys ingens,shrub,9
121,3,6,MD,2,camera trap,08-Jun,23,vertebrate,Dipodomys ingens,shrub,2
123,3,6,MD,2,camera trap,09-Jun,24,vertebrate,Dipodomys ingens,open,1
124,3,6,MD,2,camera trap,09-Jun,24,vertebrate,Dipodomys ingens,shrub,3
126,3,6,MD,2,camera trap,10-Jun,25,vertebrate,Dipodomys ingens,shrub,3
128,3,6,MD,2,camera trap,11-Jun,26,vertebrate,Dipodomys ingens,open,6
129,3,6,MD,2,camera trap,11-Jun,26,vertebrate,Dipodomys ingens,shrub,2
132,3,6,MD,2,camera trap,12-Jun,27,vertebrate,Dipodomys ingens,open,7
134,3,6,MD,2,camera trap,19-May,3,vertebrate,Dipodomys ingens,shrub,1
137,3,6,MD,2,camera trap,20-May,4,vertebrate,Dipodomys ingens,open,3
138,3,6,MD,2,camera trap,20-May,4,vertebrate,Dipodomys ingens,shrub,2
140,3,6,MD,2,camera trap,21-May,5,vertebrate,Dipodomys ingens,shrub,2
142,3,6,MD,2,camera trap,22-May,6,vertebrate,Dipodomys ingens,open,4
143,3,6,MD,2,camera trap,23-May,7,vertebrate,Dipodomys ingens,open,1
144,3,6,MD,2,camera trap,23-May,7,vertebrate,Dipodomys ingens,shrub,1
146,3,6,MD,2,camera trap,24-May,8,vertebrate,Dipodomys ingens,shrub,2
149,3,6,MD,2,camera trap,25-May,9,vertebrate,Dipodomys ingens,shrub,2
151,3,6,MD,2,camera trap,26-May,10,vertebrate,Dipodomys ingens,open,2
152,3,6,MD,2,camera trap,26-May,10,vertebrate,Dipodomys ingens,shrub,1
153,3,6,MD,2,camera trap,27-May,11,vertebrate,Dipodomys ingens,open,1
157,3,6,MD,2,camera trap,28-May,12,vertebrate,Dipodomys ingens,open,7
158,3,6,MD,2,camera trap,28-May,12,vertebrate,Dipodomys ingens,shrub,3
160,3,6,MD,2,camera trap,29-May,13,vertebrate,Dipodomys ingens,open,1
161,3,6,MD,2,camera trap,29-May,13,vertebrate,Dipodomys ingens,shrub,12
164,3,6,MD,2,camera trap,30-May,14,vertebrate,Dipodomys ingens,open,1
165,3,6,MD,2,camera trap,30-May,14,vertebrate,Dipodomys ingens,shrub,6
169,3,6,MD,2,camera trap,31-May,15,vertebrate,Dipodomys ingens,shrub,4
235,3,7,LD,1,camera trap,01-Jun,16,vertebrate,Dipodomys ingens,open,18
237,3,7,LD,1,camera trap,02-Jun,17,vertebrate,Dipodomys ingens,open,22
240,3,7,LD,1,camera trap,03-Jun,18,vertebrate,Dipodomys ingens,open,1
242,3,7,LD,1,camera trap,04-Jun,19,vertebrate,Dipodomys ingens,open,6
244,3,7,LD,1,camera trap,05-Jun,20,vertebrate,Dipodomys ingens,open,9
248,3,7,LD,1,camera trap,06-Jun,21,vertebrate,Dipodomys ingens,open,2
251,3,7,LD,1,camera trap,07-Jun,22,vertebrate,Dipodomys ingens,open,5
253,3,7,LD,1,camera trap,08-Jun,23,vertebrate,Dipodomys ingens,open,5
258,3,7,LD,1,camera trap,09-Jun,24,vertebrate,Dipodomys ingens,open,13
260,3,7,LD,1,camera trap,10-Jun,25,vertebrate,Dipodomys ingens,open,13
262,3,7,LD,1,camera trap,11-Jun,26,vertebrate,Dipodomys ingens,open,9
264,3,7,LD,1,camera trap,12-Jun,27,vertebrate,Dipodomys ingens,open,2
265,3,7,LD,1,camera trap,12-Jun,27,vertebrate,Dipodomys ingens,shrub,5
268,3,7,LD,1,camera trap,18-May,2,vertebrate,Dipodomys ingens,open,1
269,3,7,LD,1,camera trap,18-May,2,vertebrate,Dipodomys ingens,shrub,2
273,3,7,LD,1,camera trap,19-May,3,vertebrate,Dipodomys ingens,open,2
277,3,7,LD,1,camera trap,20-May,4,vertebrate,Dipodomys ingens,open,4
278,3,7,LD,1,camera trap,20-May,4,vertebrate,Dipodomys ingens,shrub,1
283,3,7,LD,1,camera trap,21-May,5,vertebrate,Dipodomys ingens,open,3
284,3,7,LD,1,camera trap,22-May,6,vertebrate,Dipodomys ingens,open,2
289,3,7,LD,1,camera trap,27-May,11,vertebrate,Dipodomys ingens,open,1
292,3,7,LD,1,camera trap,28-May,12,vertebrate,Dipodomys ingens,open,3
295,3,7,LD,1,camera trap,29-May,13,vertebrate,Dipodomys ingens,open,18
298,3,7,LD,1,camera trap,30-May,14,vertebrate,Dipodomys ingens,open,17
300,3,7,LD,1,camera trap,31-May,15,vertebrate,Dipodomys ingens,open,23
356,3,8,ND,0,camera trap,02-Jun,17,vertebrate,Dipodomys ingens,open,6
361,3,8,ND,0,camera trap,03-Jun,18,vertebrate,Dipodomys ingens,open,10
364,3,8,ND,0,camera trap,04-Jun,19,vertebrate,Dipodomys ingens,open,11
365,3,8,ND,0,camera trap,05-Jun,20,vertebrate,Dipodomys ingens,open,13
367,3,8,ND,0,camera trap,06-Jun,21,vertebrate,Dipodomys ingens,open,17
372,3,8,ND,0,camera trap,07-Jun,22,vertebrate,Dipodomys ingens,open,7
374,3,8,ND,0,camera trap,18-May,2,vertebrate,Dipodomys ingens,open,3
375,3,8,ND,0,camera trap,19-May,3,vertebrate,Dipodomys ingens,open,5
377,3,8,ND,0,camera trap,20-May,4,vertebrate,Dipodomys ingens,open,3
378,3,8,ND,0,camera trap,21-May,5,vertebrate,Dipodomys ingens,open,1
381,3,8,ND,0,camera trap,24-May,8,vertebrate,Dipodomys ingens,open,3
383,3,8,ND,0,camera trap,25-May,9,vertebrate,Dipodomys ingens,open,4
384,3,8,ND,0,camera trap,26-May,10,vertebrate,Dipodomys ingens,open,1
387,3,8,ND,0,camera trap,27-May,11,vertebrate,Dipodomys ingens,open,2
391,3,8,ND,0,camera trap,28-May,12,vertebrate,Dipodomys ingens,open,6
393,3,8,ND,0,camera trap,29-May,13,vertebrate,Dipodomys ingens,open,5
395,3,8,ND,0,camera trap,30-May,14,vertebrate,Dipodomys ingens,open,3
396,3,8,ND,0,camera trap,31-May,15,vertebrate,Dipodomys ingens,open,1
449,4,1,HD,3,camera trap,01-Jun,16,vertebrate,Dipodomys ingens,shrub,9
456,4,1,HD,3,camera trap,02-Jun,17,vertebrate,Dipodomys ingens,shrub,31
458,4,1,HD,3,camera trap,03-Jun,18,vertebrate,Dipodomys ingens,shrub,10
462,4,1,HD,3,camera trap,04-Jun,19,vertebrate,Dipodomys ingens,shrub,9
468,4,1,HD,3,camera trap,06-Jun,21,vertebrate,Dipodomys ingens,shrub,7
477,4,1,HD,3,camera trap,08-Jun,23,vertebrate,Dipodomys ingens,shrub,3
480,4,1,HD,3,camera trap,09-Jun,24,vertebrate,Dipodomys ingens,shrub,5
483,4,1,HD,3,camera trap,10-Jun,25,vertebrate,Dipodomys ingens,shrub,7
486,4,1,HD,3,camera trap,11-Jun,26,vertebrate,Dipodomys ingens,shrub,1
488,4,1,HD,3,camera trap,17-May,1,vertebrate,Dipodomys ingens,shrub,2
508,4,1,HD,3,camera trap,25-May,9,vertebrate,Dipodomys ingens,shrub,1
515,4,1,HD,3,camera trap,29-May,13,vertebrate,Dipodomys ingens,shrub,7
520,4,1,HD,3,camera trap,30-May,14,vertebrate,Dipodomys ingens,shrub,10
523,4,1,HD,3,camera trap,31-May,15,vertebrate,Dipodomys ingens,shrub,11
579,4,2,MD,2,camera trap,01-Jun,16,vertebrate,Dipodomys ingens,open,8
580,4,2,MD,2,camera trap,01-Jun,16,vertebrate,Dipodomys ingens,shrub,11
585,4,2,MD,2,camera trap,02-Jun,17,vertebrate,Dipodomys ingens,shrub,3
588,4,2,MD,2,camera trap,03-Jun,18,vertebrate,Dipodomys ingens,open,2
589,4,2,MD,2,camera trap,03-Jun,18,vertebrate,Dipodomys ingens,shrub,4
594,4,2,MD,2,camera trap,04-Jun,19,vertebrate,Dipodomys ingens,open,3
595,4,2,MD,2,camera trap,04-Jun,19,vertebrate,Dipodomys ingens,shrub,5
598,4,2,MD,2,camera trap,05-Jun,20,vertebrate,Dipodomys ingens,open,1
599,4,2,MD,2,camera trap,05-Jun,20,vertebrate,Dipodomys ingens,shrub,8
601,4,2,MD,2,camera trap,06-Jun,21,vertebrate,Dipodomys ingens,open,5
602,4,2,MD,2,camera trap,06-Jun,21,vertebrate,Dipodomys ingens,shrub,1
606,4,2,MD,2,camera trap,07-Jun,22,vertebrate,Dipodomys ingens,shrub,3
609,4,2,MD,2,camera trap,09-Jun,24,vertebrate,Dipodomys ingens,shrub,4
613,4,2,MD,2,camera trap,11-Jun,26,vertebrate,Dipodomys ingens,shrub,1
621,4,2,MD,2,camera trap,18-May,2,vertebrate,Dipodomys ingens,shrub,2
626,4,2,MD,2,camera trap,19-May,3,vertebrate,Dipodomys ingens,open,1
627,4,2,MD,2,camera trap,19-May,3,vertebrate,Dipodomys ingens,shrub,1
635,4,2,MD,2,camera trap,21-May,5,vertebrate,Dipodomys ingens,open,4
640,4,2,MD,2,camera trap,22-May,6,vertebrate,Dipodomys ingens,open,10
643,4,2,MD,2,camera trap,23-May,7,vertebrate,Dipodomys ingens,open,3
644,4,2,MD,2,camera trap,23-May,7,vertebrate,Dipodomys ingens,shrub,12
647,4,2,MD,2,camera trap,24-May,8,vertebrate,Dipodomys ingens,open,17
648,4,2,MD,2,camera trap,24-May,8,vertebrate,Dipodomys ingens,shrub,4
649,4,2,MD,2,camera trap,25-May,9,vertebrate,Dipodomys ingens,shrub,5
653,4,2,MD,2,camera trap,26-May,10,vertebrate,Dipodomys ingens,open,5
654,4,2,MD,2,camera trap,26-May,10,vertebrate,Dipodomys ingens,shrub,2
658,4,2,MD,2,camera trap,27-May,11,vertebrate,Dipodomys ingens,open,8
659,4,2,MD,2,camera trap,27-May,11,vertebrate,Dipodomys ingens,shrub,1
661,4,2,MD,2,camera trap,28-May,12,vertebrate,Dipodomys ingens,open,14
662,4,2,MD,2,camera trap,28-May,12,vertebrate,Dipodomys ingens,shrub,14
665,4,2,MD,2,camera trap,29-May,13,vertebrate,Dipodomys ingens,open,19
666,4,2,MD,2,camera trap,29-May,13,vertebrate,Dipodomys ingens,shrub,7
671,4,2,MD,2,camera trap,30-May,14,vertebrate,Dipodomys ingens,open,2
672,4,2,MD,2,camera trap,30-May,14,vertebrate,Dipodomys ingens,shrub,10
676,4,2,MD,2,camera trap,31-May,15,vertebrate,Dipodomys ingens,open,3
677,4,2,MD,2,camera trap,31-May,15,vertebrate,Dipodomys ingens,shrub,10
742,4,3,LD,1,camera trap,01-Jun,16,vertebrate,Dipodomys ingens,open,15
744,4,3,LD,1,camera trap,02-Jun,17,vertebrate,Dipodomys ingens,open,20
746,4,3,LD,1,camera trap,03-Jun,18,vertebrate,Dipodomys ingens,open,15
748,4,3,LD,1,camera trap,04-Jun,19,vertebrate,Dipodomys ingens,open,13
751,4,3,LD,1,camera trap,05-Jun,20,vertebrate,Dipodomys ingens,open,10
754,4,3,LD,1,camera trap,07-Jun,22,vertebrate,Dipodomys ingens,open,7
756,4,3,LD,1,camera trap,08-Jun,23,vertebrate,Dipodomys ingens,open,4
759,4,3,LD,1,camera trap,09-Jun,24,vertebrate,Dipodomys ingens,open,9
762,4,3,LD,1,camera trap,10-Jun,25,vertebrate,Dipodomys ingens,open,4
765,4,3,LD,1,camera trap,11-Jun,26,vertebrate,Dipodomys ingens,open,6
771,4,3,LD,1,camera trap,29-May,13,vertebrate,Dipodomys ingens,open,23
772,4,3,LD,1,camera trap,29-May,13,vertebrate,Dipodomys ingens,shrub,2
773,4,3,LD,1,camera trap,30-May,14,vertebrate,Dipodomys ingens,open,25
775,4,3,LD,1,camera trap,31-May,15,vertebrate,Dipodomys ingens,open,19
831,4,4,ND,0,camera trap,01-Jun,16,vertebrate,Dipodomys ingens,open,2
832,4,4,ND,0,camera trap,02-Jun,17,vertebrate,Dipodomys ingens,open,3
836,4,4,ND,0,camera trap,03-Jun,18,vertebrate,Dipodomys ingens,open,3
838,4,4,ND,0,camera trap,04-Jun,19,vertebrate,Dipodomys ingens,open,7
841,4,4,ND,0,camera trap,05-Jun,20,vertebrate,Dipodomys ingens,open,2
843,4,4,ND,0,camera trap,06-Jun,21,vertebrate,Dipodomys ingens,open,5
846,4,4,ND,0,camera trap,07-Jun,22,vertebrate,Dipodomys ingens,open,1
849,4,4,ND,0,camera trap,08-Jun,23,vertebrate,Dipodomys ingens,open,2
853,4,4,ND,0,camera trap,09-Jun,24,vertebrate,Dipodomys ingens,open,4
856,4,4,ND,0,camera trap,10-Jun,25,vertebrate,Dipodomys ingens,open,2
857,4,4,ND,0,camera trap,11-Jun,26,vertebrate,Dipodomys ingens,open,1
861,4,4,ND,0,camera trap,18-May,2,vertebrate,Dipodomys ingens,open,1
870,4,4,ND,0,camera trap,20-May,4,vertebrate,Dipodomys ingens,open,2
875,4,4,ND,0,camera trap,21-May,5,vertebrate,Dipodomys ingens,open,4
877,4,4,ND,0,camera trap,22-May,6,vertebrate,Dipodomys ingens,open,3
878,4,4,ND,0,camera trap,23-May,7,vertebrate,Dipodomys ingens,open,2
881,4,4,ND,0,camera trap,24-May,8,vertebrate,Dipodomys ingens,open,4
883,4,4,ND,0,camera trap,25-May,9,vertebrate,Dipodomys ingens,open,1
886,4,4,ND,0,camera trap,26-May,10,vertebrate,Dipodomys ingens,open,1
889,4,4,ND,0,camera trap,27-May,11,vertebrate,Dipodomys ingens,open,2
891,4,4,ND,0,camera trap,28-May,12,vertebrate,Dipodomys ingens,open,3
893,4,4,ND,0,camera trap,29-May,13,vertebrate,Dipodomys ingens,open,3
896,4,4,ND,0,camera trap,30-May,14,vertebrate,Dipodomys ingens,open,8
899,4,4,ND,0,camera trap,31-May,15,vertebrate,Dipodomys ingens,open,5
102,3,5,HD,3,transect,31-May-19,15,vertebrate,Geococcyx californianus,shrub,1
925,4,4,ND,0,transect,11-Jun-19,26,vertebrate,Pituophis catenifer,open,1
933,4,4,ND,0,transect,25-May-19,9,vertebrate,Pituophis catenifer,open,1
315,3,7,LD,1,focal,25-May-19,9,invertebrate,Hippodamia convergens,shrub,1
923,4,4,ND,0,transect,06-Jun-19,21,invertebrate,Hippodamia convergens,open,1
3,3,5,HD,3,camera trap,02-Jun,17,invertebrate,Icaricia acmon,shrub,1
47,3,5,HD,3,focal,04-Jun-19,19,invertebrate,Icaricia acmon,shrub,1
54,3,5,HD,3,focal,18-May-19,2,invertebrate,Icaricia acmon,shrub,3
57,3,5,HD,3,focal,25-May-19,9,invertebrate,Icaricia acmon,shrub,7
60,3,5,HD,3,focal,28-May-19,12,invertebrate,Icaricia acmon,shrub,1
63,3,5,HD,3,focal,31-May-19,15,invertebrate,Icaricia acmon,shrub,1
72,3,5,HD,3,transect,04-Jun-19,19,invertebrate,Icaricia acmon,shrub,1
82,3,5,HD,3,transect,23-May-19,7,invertebrate,Icaricia acmon,open,5
83,3,5,HD,3,transect,23-May-19,7,invertebrate,Icaricia acmon,shrub,17
87,3,5,HD,3,transect,25-May-19,9,invertebrate,Icaricia acmon,shrub,22
92,3,5,HD,3,transect,28-May-19,12,invertebrate,Icaricia acmon,shrub,16
98,3,5,HD,3,transect,31-May-19,15,invertebrate,Icaricia acmon,shrub,1
155,3,6,MD,2,camera trap,28-May,12,invertebrate,Icaricia acmon,open,1
183,3,6,MD,2,focal,07-Jun-19,22,invertebrate,Icaricia acmon,shrub,2
191,3,6,MD,2,focal,25-May-19,9,invertebrate,Icaricia acmon,open,1
192,3,6,MD,2,focal,25-May-19,9,invertebrate,Icaricia acmon,shrub,5
196,3,6,MD,2,focal,28-May-19,12,invertebrate,Icaricia acmon,open,1
197,3,6,MD,2,focal,28-May-19,12,invertebrate,Icaricia acmon,shrub,5
199,3,6,MD,2,focal,31-May-19,15,invertebrate,Icaricia acmon,shrub,1
203,3,6,MD,2,transect,04-Jun-19,19,invertebrate,Icaricia acmon,shrub,2
215,3,6,MD,2,transect,23-May-19,7,invertebrate,Icaricia acmon,open,1
216,3,6,MD,2,transect,23-May-19,7,invertebrate,Icaricia acmon,shrub,20
219,3,6,MD,2,transect,25-May-19,9,invertebrate,Icaricia acmon,shrub,10
223,3,6,MD,2,transect,28-May-19,12,invertebrate,Icaricia acmon,shrub,7
228,3,6,MD,2,transect,31-May-19,15,invertebrate,Icaricia acmon,shrub,2
301,3,7,LD,1,focal,02-Jun-19,17,invertebrate,Icaricia acmon,shrub,1
305,3,7,LD,1,focal,07-Jun-19,22,invertebrate,Icaricia acmon,open,1
311,3,7,LD,1,focal,25-May-19,9,invertebrate,Icaricia acmon,open,4
312,3,7,LD,1,focal,25-May-19,9,invertebrate,Icaricia acmon,shrub,2
319,3,7,LD,1,focal,28-May-19,12,invertebrate,Icaricia acmon,open,1
320,3,7,LD,1,focal,28-May-19,12,invertebrate,Icaricia acmon,shrub,1
331,3,7,LD,1,transect,07-Jun-19,22,invertebrate,Icaricia acmon,shrub,1
342,3,7,LD,1,transect,25-May-19,9,invertebrate,Icaricia acmon,open,1
343,3,7,LD,1,transect,25-May-19,9,invertebrate,Icaricia acmon,shrub,9
347,3,7,LD,1,transect,28-May-19,12,invertebrate,Icaricia acmon,open,1
348,3,7,LD,1,transect,28-May-19,12,invertebrate,Icaricia acmon,shrub,5
398,3,8,ND,0,focal,02-Jun-19,17,invertebrate,Icaricia acmon,open,1
403,3,8,ND,0,focal,25-May-19,9,invertebrate,Icaricia acmon,open,14
406,3,8,ND,0,focal,28-May-19,12,invertebrate,Icaricia acmon,open,1
416,3,8,ND,0,transect,07-Jun-19,22,invertebrate,Icaricia acmon,open,1
417,3,8,ND,0,transect,07-Jun-19,22,invertebrate,Icaricia acmon,shrub,1
425,3,8,ND,0,transect,23-May-19,7,invertebrate,Icaricia acmon,open,3
426,3,8,ND,0,transect,23-May-19,7,invertebrate,Icaricia acmon,shrub,5
429,3,8,ND,0,transect,25-May-19,9,invertebrate,Icaricia acmon,shrub,12
433,3,8,ND,0,transect,28-May-19,12,invertebrate,Icaricia acmon,open,5
434,3,8,ND,0,transect,28-May-19,12,invertebrate,Icaricia acmon,shrub,7
541,4,1,HD,3,focal,25-May-19,9,invertebrate,Icaricia acmon,shrub,9
549,4,1,HD,3,focal,31-May-19,15,invertebrate,Icaricia acmon,shrub,1
555,4,1,HD,3,transect,06-Jun-19,21,invertebrate,Icaricia acmon,shrub,1
561,4,1,HD,3,transect,21-May-19,5,invertebrate,Icaricia acmon,open,1
567,4,1,HD,3,transect,29-May-19,13,invertebrate,Icaricia acmon,shrub,2
678,4,2,MD,2,focal,02-Jun-19,17,invertebrate,Icaricia acmon,open,1
693,4,2,MD,2,focal,25-May-19,9,invertebrate,Icaricia acmon,shrub,15
719,4,2,MD,2,transect,21-May-19,5,invertebrate,Icaricia acmon,open,2
720,4,2,MD,2,transect,21-May-19,5,invertebrate,Icaricia acmon,shrub,4
724,4,2,MD,2,transect,25-May-19,9,invertebrate,Icaricia acmon,shrub,8
786,4,3,LD,1,focal,25-May-19,9,invertebrate,Icaricia acmon,open,3
787,4,3,LD,1,focal,25-May-19,9,invertebrate,Icaricia acmon,shrub,4
791,4,3,LD,1,focal,29-May-19,13,invertebrate,Icaricia acmon,shrub,1
798,4,3,LD,1,transect,04-Jun-19,19,invertebrate,Icaricia acmon,open,1
812,4,3,LD,1,transect,25-May-19,9,invertebrate,Icaricia acmon,open,1
813,4,3,LD,1,transect,25-May-19,9,invertebrate,Icaricia acmon,shrub,4
820,4,3,LD,1,transect,29-May-19,13,invertebrate,Icaricia acmon,open,1
911,4,4,ND,0,focal,25-May-19,9,invertebrate,Icaricia acmon,open,7
929,4,4,ND,0,transect,21-May-19,5,invertebrate,Icaricia acmon,open,4
932,4,4,ND,0,transect,25-May-19,9,invertebrate,Icaricia acmon,open,3
940,4,4,ND,0,transect,29-May-19,13,invertebrate,Icaricia acmon,open,2
941,4,4,ND,0,transect,29-May-19,13,invertebrate,Icaricia acmon,shrub,1
950,4,5,HD,3,transect,25-May-19,9,invertebrate,Icaricia acmon,open,2
951,4,5,HD,3,transect,25-May-19,9,invertebrate,Icaricia acmon,shrub,5
51,3,5,HD,3,focal,07-Jun-19,22,vertebrate,Leopard Lizard,shrub,1
231,3,6,MD,2,transect,31-May-19,15,vertebrate,Leopard Lizard,shrub,2
249,3,7,LD,1,camera trap,06-Jun,21,vertebrate,Leopard Lizard,open,20
358,3,8,ND,0,camera trap,02-Jun,17,vertebrate,Leopard Lizard,open,9
527,4,1,HD,3,focal,02-Jun-19,17,vertebrate,Leopard Lizard,shrub,1
531,4,1,HD,3,focal,04-Jun-19,19,vertebrate,Leopard Lizard,shrub,1
667,4,2,MD,2,camera trap,29-May,13,vertebrate,Leopard Lizard,open,10
694,4,2,MD,2,focal,25-May-19,9,vertebrate,Leopard Lizard,open,1
823,4,3,LD,1,transect,29-May-19,13,vertebrate,Leopard Lizard,shrub,1
908,4,4,ND,0,focal,06-Jun-19,21,vertebrate,Leopard Lizard,open,1
954,4,5,HD,3,transect,25-May-19,9,vertebrate,Leopard Lizard,shrub,1
309,3,7,LD,1,focal,18-May-19,2,vertebrate,Lepus californicus,shrub,1
530,4,1,HD,3,focal,04-Jun-19,19,vertebrate,Lepus californicus,shrub,1
691,4,2,MD,2,focal,17-May-19,1,vertebrate,Lepus californicus,shrub,1
6,3,5,HD,3,camera trap,04-Jun,19,vertebrate,Lepus californicus,shrub,1
100,3,5,HD,3,transect,31-May-19,15,vertebrate,Lepus californicus,shrub,1
118,3,6,MD,2,camera trap,07-Jun,22,vertebrate,Lepus californicus,shrub,16
127,3,6,MD,2,camera trap,11-Jun,26,vertebrate,Lepus californicus,shrub,3
156,3,6,MD,2,camera trap,28-May,12,vertebrate,Lepus californicus,open,1
162,3,6,MD,2,camera trap,30-May,14,vertebrate,Lepus californicus,open,1
163,3,6,MD,2,camera trap,30-May,14,vertebrate,Lepus californicus,shrub,2
168,3,6,MD,2,camera trap,31-May,15,vertebrate,Lepus californicus,shrub,1
239,3,7,LD,1,camera trap,03-Jun,18,vertebrate,Lepus californicus,open,1
243,3,7,LD,1,camera trap,05-Jun,20,vertebrate,Lepus californicus,open,2
247,3,7,LD,1,camera trap,06-Jun,21,vertebrate,Lepus californicus,open,1
250,3,7,LD,1,camera trap,07-Jun,22,vertebrate,Lepus californicus,open,3
257,3,7,LD,1,camera trap,09-Jun,24,vertebrate,Lepus californicus,open,2
272,3,7,LD,1,camera trap,19-May,3,vertebrate,Lepus californicus,shrub,3
276,3,7,LD,1,camera trap,20-May,4,vertebrate,Lepus californicus,open,1
286,3,7,LD,1,camera trap,25-May,9,vertebrate,Lepus californicus,open,2
291,3,7,LD,1,camera trap,28-May,12,vertebrate,Lepus californicus,open,1
333,3,7,LD,1,transect,07-Jun-19,22,vertebrate,Lepus californicus,shrub,1
360,3,8,ND,0,camera trap,03-Jun,18,vertebrate,Lepus californicus,open,3
363,3,8,ND,0,camera trap,04-Jun,19,vertebrate,Lepus californicus,open,1
371,3,8,ND,0,camera trap,07-Jun,22,vertebrate,Lepus californicus,open,1
373,3,8,ND,0,camera trap,09-Jun,24,vertebrate,Lepus californicus,open,1
380,3,8,ND,0,camera trap,22-May,6,vertebrate,Lepus californicus,open,1
390,3,8,ND,0,camera trap,28-May,12,vertebrate,Lepus californicus,open,1
392,3,8,ND,0,camera trap,29-May,13,vertebrate,Lepus californicus,open,1
394,3,8,ND,0,camera trap,30-May,14,vertebrate,Lepus californicus,open,1
455,4,1,HD,3,camera trap,02-Jun,17,vertebrate,Lepus californicus,shrub,4
461,4,1,HD,3,camera trap,04-Jun,19,vertebrate,Lepus californicus,shrub,1
465,4,1,HD,3,camera trap,05-Jun,20,vertebrate,Lepus californicus,shrub,1
467,4,1,HD,3,camera trap,06-Jun,21,vertebrate,Lepus californicus,shrub,1
471,4,1,HD,3,camera trap,07-Jun,22,vertebrate,Lepus californicus,shrub,4
476,4,1,HD,3,camera trap,08-Jun,23,vertebrate,Lepus californicus,shrub,1
479,4,1,HD,3,camera trap,09-Jun,24,vertebrate,Lepus californicus,shrub,2
482,4,1,HD,3,camera trap,10-Jun,25,vertebrate,Lepus californicus,shrub,4
487,4,1,HD,3,camera trap,17-May,1,vertebrate,Lepus californicus,shrub,1
491,4,1,HD,3,camera trap,18-May,2,vertebrate,Lepus californicus,shrub,1
500,4,1,HD,3,camera trap,21-May,5,vertebrate,Lepus californicus,shrub,1
505,4,1,HD,3,camera trap,23-May,7,vertebrate,Lepus californicus,shrub,1
514,4,1,HD,3,camera trap,29-May,13,vertebrate,Lepus californicus,shrub,2
519,4,1,HD,3,camera trap,30-May,14,vertebrate,Lepus californicus,shrub,3
553,4,1,HD,3,transect,04-Jun-19,19,vertebrate,Lepus californicus,shrub,1
578,4,2,MD,2,camera trap,01-Jun,16,vertebrate,Lepus californicus,open,1
584,4,2,MD,2,camera trap,02-Jun,17,vertebrate,Lepus californicus,open,2
600,4,2,MD,2,camera trap,06-Jun,21,vertebrate,Lepus californicus,open,2
604,4,2,MD,2,camera trap,07-Jun,22,vertebrate,Lepus californicus,open,1
605,4,2,MD,2,camera trap,07-Jun,22,vertebrate,Lepus californicus,shrub,6
608,4,2,MD,2,camera trap,09-Jun,24,vertebrate,Lepus californicus,open,1
612,4,2,MD,2,camera trap,11-Jun,26,vertebrate,Lepus californicus,open,1
616,4,2,MD,2,camera trap,17-May,1,vertebrate,Lepus californicus,open,1
642,4,2,MD,2,camera trap,23-May,7,vertebrate,Lepus californicus,shrub,5
646,4,2,MD,2,camera trap,24-May,8,vertebrate,Lepus californicus,shrub,1
664,4,2,MD,2,camera trap,29-May,13,vertebrate,Lepus californicus,shrub,1
670,4,2,MD,2,camera trap,30-May,14,vertebrate,Lepus californicus,shrub,3
675,4,2,MD,2,camera trap,31-May,15,vertebrate,Lepus californicus,open,1
741,4,3,LD,1,camera trap,01-Jun,16,vertebrate,Lepus californicus,shrub,2
745,4,3,LD,1,camera trap,03-Jun,18,vertebrate,Lepus californicus,open,3
747,4,3,LD,1,camera trap,04-Jun,19,vertebrate,Lepus californicus,open,4
750,4,3,LD,1,camera trap,05-Jun,20,vertebrate,Lepus californicus,shrub,2
752,4,3,LD,1,camera trap,07-Jun,22,vertebrate,Lepus californicus,open,6
753,4,3,LD,1,camera trap,07-Jun,22,vertebrate,Lepus californicus,shrub,4
755,4,3,LD,1,camera trap,08-Jun,23,vertebrate,Lepus californicus,shrub,1
757,4,3,LD,1,camera trap,09-Jun,24,vertebrate,Lepus californicus,open,6
758,4,3,LD,1,camera trap,09-Jun,24,vertebrate,Lepus californicus,shrub,4
760,4,3,LD,1,camera trap,10-Jun,25,vertebrate,Lepus californicus,open,6
761,4,3,LD,1,camera trap,10-Jun,25,vertebrate,Lepus californicus,shrub,1
763,4,3,LD,1,camera trap,11-Jun,26,vertebrate,Lepus californicus,open,1
764,4,3,LD,1,camera trap,11-Jun,26,vertebrate,Lepus californicus,shrub,1
767,4,3,LD,1,camera trap,22-May,6,vertebrate,Lepus californicus,shrub,1
817,4,3,LD,1,transect,25-May-19,9,vertebrate,Lepus californicus,shrub,1
829,4,3,LD,1,transect,31-May-19,15,vertebrate,Lepus californicus,shrub,1
835,4,4,ND,0,camera trap,03-Jun,18,vertebrate,Lepus californicus,open,1
837,4,4,ND,0,camera trap,04-Jun,19,vertebrate,Lepus californicus,open,1
840,4,4,ND,0,camera trap,05-Jun,20,vertebrate,Lepus californicus,open,1
842,4,4,ND,0,camera trap,06-Jun,21,vertebrate,Lepus californicus,open,1
845,4,4,ND,0,camera trap,07-Jun,22,vertebrate,Lepus californicus,open,1
848,4,4,ND,0,camera trap,08-Jun,23,vertebrate,Lepus californicus,open,1
852,4,4,ND,0,camera trap,09-Jun,24,vertebrate,Lepus californicus,open,1
855,4,4,ND,0,camera trap,10-Jun,25,vertebrate,Lepus californicus,open,2
882,4,4,ND,0,camera trap,25-May,9,vertebrate,Lepus californicus,open,1
890,4,4,ND,0,camera trap,28-May,12,vertebrate,Lepus californicus,open,1
892,4,4,ND,0,camera trap,29-May,13,vertebrate,Lepus californicus,open,3
895,4,4,ND,0,camera trap,30-May,14,vertebrate,Lepus californicus,open,1
898,4,4,ND,0,camera trap,31-May,15,vertebrate,Lepus californicus,open,1
44,3,5,HD,3,focal,02-Jun-19,17,invertebrate,Oedaleonotus enigma,shrub,4
50,3,5,HD,3,focal,07-Jun-19,22,invertebrate,Oedaleonotus enigma,shrub,3
65,3,5,HD,3,focal,31-May-19,15,invertebrate,Oedaleonotus enigma,shrub,1
73,3,5,HD,3,transect,04-Jun-19,19,invertebrate,Oedaleonotus enigma,shrub,3
75,3,5,HD,3,transect,07-Jun-19,22,invertebrate,Oedaleonotus enigma,open,1
76,3,5,HD,3,transect,07-Jun-19,22,invertebrate,Oedaleonotus enigma,shrub,1
79,3,5,HD,3,transect,12-Jun-19,27,invertebrate,Oedaleonotus enigma,shrub,4
88,3,5,HD,3,transect,25-May-19,9,invertebrate,Oedaleonotus enigma,shrub,2
94,3,5,HD,3,transect,28-May-19,12,invertebrate,Oedaleonotus enigma,open,1
95,3,5,HD,3,transect,28-May-19,12,invertebrate,Oedaleonotus enigma,shrub,2
99,3,5,HD,3,transect,31-May-19,15,invertebrate,Oedaleonotus enigma,shrub,4
174,3,6,MD,2,focal,02-Jun-19,17,invertebrate,Oedaleonotus enigma,open,1
175,3,6,MD,2,focal,02-Jun-19,17,invertebrate,Oedaleonotus enigma,shrub,1
180,3,6,MD,2,focal,04-Jun-19,19,invertebrate,Oedaleonotus enigma,open,2
181,3,6,MD,2,focal,04-Jun-19,19,invertebrate,Oedaleonotus enigma,shrub,1
185,3,6,MD,2,focal,07-Jun-19,22,invertebrate,Oedaleonotus enigma,shrub,1
189,3,6,MD,2,focal,18-May-19,2,invertebrate,Oedaleonotus enigma,open,1
200,3,6,MD,2,focal,31-May-19,15,invertebrate,Oedaleonotus enigma,shrub,1
204,3,6,MD,2,transect,04-Jun-19,19,invertebrate,Oedaleonotus enigma,open,1
205,3,6,MD,2,transect,04-Jun-19,19,invertebrate,Oedaleonotus enigma,shrub,7
208,3,6,MD,2,transect,07-Jun-19,22,invertebrate,Oedaleonotus enigma,shrub,5
212,3,6,MD,2,transect,12-Jun-19,27,invertebrate,Oedaleonotus enigma,shrub,10
220,3,6,MD,2,transect,25-May-19,9,invertebrate,Oedaleonotus enigma,shrub,3
229,3,6,MD,2,transect,31-May-19,15,invertebrate,Oedaleonotus enigma,shrub,5
302,3,7,LD,1,focal,02-Jun-19,17,invertebrate,Oedaleonotus enigma,open,1
306,3,7,LD,1,focal,07-Jun-19,22,invertebrate,Oedaleonotus enigma,open,2
307,3,7,LD,1,focal,07-Jun-19,22,invertebrate,Oedaleonotus enigma,shrub,2
314,3,7,LD,1,focal,25-May-19,9,invertebrate,Oedaleonotus enigma,shrub,1
322,3,7,LD,1,focal,28-May-19,12,invertebrate,Oedaleonotus enigma,open,1
327,3,7,LD,1,transect,04-Jun-19,19,invertebrate,Oedaleonotus enigma,shrub,7
332,3,7,LD,1,transect,07-Jun-19,22,invertebrate,Oedaleonotus enigma,shrub,1
336,3,7,LD,1,transect,12-Jun-19,27,invertebrate,Oedaleonotus enigma,open,2
337,3,7,LD,1,transect,12-Jun-19,27,invertebrate,Oedaleonotus enigma,shrub,2
345,3,7,LD,1,transect,25-May-19,9,invertebrate,Oedaleonotus enigma,shrub,2
349,3,7,LD,1,transect,28-May-19,12,invertebrate,Oedaleonotus enigma,open,1
350,3,7,LD,1,transect,28-May-19,12,invertebrate,Oedaleonotus enigma,shrub,2
352,3,7,LD,1,transect,31-May-19,15,invertebrate,Oedaleonotus enigma,shrub,6
408,3,8,ND,0,focal,28-May-19,12,invertebrate,Oedaleonotus enigma,open,1
411,3,8,ND,0,focal,31-May-19,15,invertebrate,Oedaleonotus enigma,open,1
413,3,8,ND,0,transect,04-Jun-19,19,invertebrate,Oedaleonotus enigma,open,2
414,3,8,ND,0,transect,04-Jun-19,19,invertebrate,Oedaleonotus enigma,shrub,3
418,3,8,ND,0,transect,07-Jun-19,22,invertebrate,Oedaleonotus enigma,shrub,2
422,3,8,ND,0,transect,12-Jun-19,27,invertebrate,Oedaleonotus enigma,open,1
430,3,8,ND,0,transect,25-May-19,9,invertebrate,Oedaleonotus enigma,open,1
431,3,8,ND,0,transect,25-May-19,9,invertebrate,Oedaleonotus enigma,shrub,2
437,3,8,ND,0,transect,28-May-19,12,invertebrate,Oedaleonotus enigma,open,1
438,3,8,ND,0,transect,28-May-19,12,invertebrate,Oedaleonotus enigma,shrub,1
441,3,8,ND,0,transect,31-May-19,15,invertebrate,Oedaleonotus enigma,shrub,3
526,4,1,HD,3,focal,02-Jun-19,17,invertebrate,Oedaleonotus enigma,shrub,5
529,4,1,HD,3,focal,04-Jun-19,19,invertebrate,Oedaleonotus enigma,shrub,1
537,4,1,HD,3,focal,06-Jun-19,21,invertebrate,Oedaleonotus enigma,shrub,3
542,4,1,HD,3,focal,25-May-19,9,invertebrate,Oedaleonotus enigma,shrub,2
546,4,1,HD,3,focal,29-May-19,13,invertebrate,Oedaleonotus enigma,shrub,2
550,4,1,HD,3,focal,31-May-19,15,invertebrate,Oedaleonotus enigma,shrub,2
552,4,1,HD,3,transect,04-Jun-19,19,invertebrate,Oedaleonotus enigma,shrub,4
556,4,1,HD,3,transect,06-Jun-19,21,invertebrate,Oedaleonotus enigma,shrub,5
558,4,1,HD,3,transect,11-Jun-19,26,invertebrate,Oedaleonotus enigma,open,1
559,4,1,HD,3,transect,11-Jun-19,26,invertebrate,Oedaleonotus enigma,shrub,2
562,4,1,HD,3,transect,21-May-19,5,invertebrate,Oedaleonotus enigma,open,1
563,4,1,HD,3,transect,21-May-19,5,invertebrate,Oedaleonotus enigma,shrub,1
569,4,1,HD,3,transect,29-May-19,13,invertebrate,Oedaleonotus enigma,open,1
570,4,1,HD,3,transect,29-May-19,13,invertebrate,Oedaleonotus enigma,shrub,5
574,4,1,HD,3,transect,31-May-19,15,invertebrate,Oedaleonotus enigma,open,1
575,4,1,HD,3,transect,31-May-19,15,invertebrate,Oedaleonotus enigma,shrub,5
587,4,2,MD,2,camera trap,03-Jun,18,invertebrate,Oedaleonotus enigma,open,2
679,4,2,MD,2,focal,02-Jun-19,17,invertebrate,Oedaleonotus enigma,shrub,1
683,4,2,MD,2,focal,04-Jun-19,19,invertebrate,Oedaleonotus enigma,open,1
684,4,2,MD,2,focal,04-Jun-19,19,invertebrate,Oedaleonotus enigma,shrub,1
688,4,2,MD,2,focal,06-Jun-19,21,invertebrate,Oedaleonotus enigma,open,1
698,4,2,MD,2,focal,29-May-19,13,invertebrate,Oedaleonotus enigma,shrub,3
706,4,2,MD,2,transect,04-Jun-19,19,invertebrate,Oedaleonotus enigma,shrub,2
707,4,2,MD,2,transect,04-Jun-19,19,invertebrate,Oedaleonotus enigma,open,1
708,4,2,MD,2,transect,04-Jun-19,19,invertebrate,Oedaleonotus enigma,shrub,8
711,4,2,MD,2,transect,06-Jun-19,21,invertebrate,Oedaleonotus enigma,open,2
712,4,2,MD,2,transect,06-Jun-19,21,invertebrate,Oedaleonotus enigma,shrub,2
714,4,2,MD,2,transect,11-Jun-19,26,invertebrate,Oedaleonotus enigma,open,3
715,4,2,MD,2,transect,11-Jun-19,26,invertebrate,Oedaleonotus enigma,shrub,2
721,4,2,MD,2,transect,21-May-19,5,invertebrate,Oedaleonotus enigma,open,1
722,4,2,MD,2,transect,21-May-19,5,invertebrate,Oedaleonotus enigma,shrub,1
726,4,2,MD,2,transect,25-May-19,9,invertebrate,Oedaleonotus enigma,open,3
727,4,2,MD,2,transect,25-May-19,9,invertebrate,Oedaleonotus enigma,shrub,3
732,4,2,MD,2,transect,29-May-19,13,invertebrate,Oedaleonotus enigma,open,1
733,4,2,MD,2,transect,29-May-19,13,invertebrate,Oedaleonotus enigma,shrub,2
736,4,2,MD,2,transect,31-May-19,15,invertebrate,Oedaleonotus enigma,open,3
737,4,2,MD,2,transect,31-May-19,15,invertebrate,Oedaleonotus enigma,shrub,8
777,4,3,LD,1,focal,02-Jun-19,17,invertebrate,Oedaleonotus enigma,open,2
781,4,3,LD,1,focal,06-Jun-19,21,invertebrate,Oedaleonotus enigma,open,7
789,4,3,LD,1,focal,25-May-19,9,invertebrate,Oedaleonotus enigma,open,2
799,4,3,LD,1,transect,04-Jun-19,19,invertebrate,Oedaleonotus enigma,open,1
800,4,3,LD,1,transect,04-Jun-19,19,invertebrate,Oedaleonotus enigma,shrub,2
803,4,3,LD,1,transect,06-Jun-19,21,invertebrate,Oedaleonotus enigma,open,2
804,4,3,LD,1,transect,06-Jun-19,21,invertebrate,Oedaleonotus enigma,shrub,6
806,4,3,LD,1,transect,11-Jun-19,26,invertebrate,Oedaleonotus enigma,open,1
807,4,3,LD,1,transect,11-Jun-19,26,invertebrate,Oedaleonotus enigma,shrub,8
815,4,3,LD,1,transect,25-May-19,9,invertebrate,Oedaleonotus enigma,open,3
816,4,3,LD,1,transect,25-May-19,9,invertebrate,Oedaleonotus enigma,shrub,3
822,4,3,LD,1,transect,29-May-19,13,invertebrate,Oedaleonotus enigma,shrub,7
827,4,3,LD,1,transect,31-May-19,15,invertebrate,Oedaleonotus enigma,open,1
828,4,3,LD,1,transect,31-May-19,15,invertebrate,Oedaleonotus enigma,shrub,6
901,4,4,ND,0,focal,02-Jun-19,17,invertebrate,Oedaleonotus enigma,open,1
904,4,4,ND,0,focal,04-Jun-19,19,invertebrate,Oedaleonotus enigma,open,3
907,4,4,ND,0,focal,06-Jun-19,21,invertebrate,Oedaleonotus enigma,open,1
913,4,4,ND,0,focal,25-May-19,9,invertebrate,Oedaleonotus enigma,open,2
918,4,4,ND,0,focal,31-May-19,15,invertebrate,Oedaleonotus enigma,open,1
920,4,4,ND,0,transect,04-Jun-19,19,invertebrate,Oedaleonotus enigma,open,7
922,4,4,ND,0,transect,06-Jun-19,21,invertebrate,Oedaleonotus enigma,open,3
926,4,4,ND,0,transect,11-Jun-19,26,invertebrate,Oedaleonotus enigma,open,11
930,4,4,ND,0,transect,21-May-19,5,invertebrate,Oedaleonotus enigma,open,2
934,4,4,ND,0,transect,25-May-19,9,invertebrate,Oedaleonotus enigma,open,2
935,4,4,ND,0,transect,25-May-19,9,invertebrate,Oedaleonotus enigma,shrub,1
942,4,4,ND,0,transect,29-May-19,13,invertebrate,Oedaleonotus enigma,open,5
945,4,4,ND,0,transect,31-May-19,15,invertebrate,Oedaleonotus enigma,open,7
946,4,4,ND,0,transect,31-May-19,15,invertebrate,Oedaleonotus enigma,shrub,1
952,4,5,HD,3,transect,25-May-19,9,invertebrate,Oedaleonotus enigma,open,3
953,4,5,HD,3,transect,25-May-19,9,invertebrate,Oedaleonotus enigma,shrub,1
448,4,1,HD,3,camera trap,01-Jun,16,vertebrate,Otospermophilus beecheyi,shrub,1
454,4,1,HD,3,camera trap,02-Jun,17,vertebrate,Otospermophilus beecheyi,shrub,1
475,4,1,HD,3,camera trap,08-Jun,23,vertebrate,Otospermophilus beecheyi,shrub,1
485,4,1,HD,3,camera trap,11-Jun,26,vertebrate,Otospermophilus beecheyi,shrub,1
593,4,2,MD,2,camera trap,04-Jun,19,vertebrate,Otospermophilus beecheyi,open,1
633,4,2,MD,2,camera trap,21-May,5,vertebrate,Otospermophilus beecheyi,open,1
739,4,3,LD,1,camera trap,01-Jun,16,vertebrate,Otospermophilus beecheyi,open,1
740,4,3,LD,1,camera trap,01-Jun,16,vertebrate,Otospermophilus beecheyi,shrub,1
894,4,4,ND,0,camera trap,30-May,14,vertebrate,Otospermophilus beecheyi,open,1
211,3,6,MD,2,transect,07-Jun-19,22,invertebrate,Pepsis formos,shrub,1
717,4,2,MD,2,transect,11-Jun-19,26,invertebrate,Pepsis formos,shrub,1
420,3,8,ND,0,transect,07-Jun-19,22,invertebrate,Pepsis formos,open,1
466,4,1,HD,3,camera trap,06-Jun,21,vertebrate,Perognathus inornatus,shrub,1
474,4,1,HD,3,camera trap,08-Jun,23,vertebrate,Perognathus inornatus,shrub,1
592,4,2,MD,2,camera trap,04-Jun,19,vertebrate,Perognathus inornatus,open,1
614,4,2,MD,2,camera trap,17-May,1,vertebrate,Perognathus inornatus,open,2
619,4,2,MD,2,camera trap,18-May,2,vertebrate,Perognathus inornatus,open,2
624,4,2,MD,2,camera trap,19-May,3,vertebrate,Perognathus inornatus,open,3
629,4,2,MD,2,camera trap,20-May,4,vertebrate,Perognathus inornatus,open,2
652,4,2,MD,2,camera trap,26-May,10,vertebrate,Perognathus inornatus,open,1
657,4,2,MD,2,camera trap,27-May,11,vertebrate,Perognathus inornatus,open,1
669,4,2,MD,2,camera trap,30-May,14,vertebrate,Perognathus inornatus,open,1
860,4,4,ND,0,camera trap,18-May,2,vertebrate,Perognathus inornatus,open,4
865,4,4,ND,0,camera trap,19-May,3,vertebrate,Perognathus inornatus,open,2
868,4,4,ND,0,camera trap,20-May,4,vertebrate,Perognathus inornatus,open,1
873,4,4,ND,0,camera trap,21-May,5,vertebrate,Perognathus inornatus,open,1
885,4,4,ND,0,camera trap,26-May,10,vertebrate,Perognathus inornatus,open,2
43,3,5,HD,3,focal,02-Jun-19,17,invertebrate,Rhionaeschna multicolor,shrub,2
78,3,5,HD,3,transect,12-Jun-19,27,invertebrate,Rhionaeschna multicolor,shrub,1
313,3,7,LD,1,focal,25-May-19,9,invertebrate,Rhionaeschna multicolor,shrub,1
344,3,7,LD,1,transect,25-May-19,9,invertebrate,Rhionaeschna multicolor,shrub,1
435,3,8,ND,0,transect,28-May-19,12,invertebrate,Rhionaeschna multicolor,open,1
802,4,3,LD,1,transect,06-Jun-19,21,invertebrate,Rhionaeschna multicolor,shrub,1
814,4,3,LD,1,transect,25-May-19,9,invertebrate,Rhionaeschna multicolor,shrub,1
9,3,5,HD,3,camera trap,05-Jun,20,vertebrate,small mammal,shrub,1
11,3,5,HD,3,camera trap,06-Jun,21,vertebrate,small mammal,shrub,1
28,3,5,HD,3,camera trap,20-May,4,vertebrate,small mammal,shrub,1
38,3,5,HD,3,camera trap,28-May,12,vertebrate,small mammal,shrub,2
114,3,6,MD,2,camera trap,05-Jun,20,vertebrate,small mammal,open,1
122,3,6,MD,2,camera trap,08-Jun,23,vertebrate,small mammal,open,1
131,3,6,MD,2,camera trap,11-Jun,26,vertebrate,small mammal,open,1
159,3,6,MD,2,camera trap,28-May,12,vertebrate,small mammal,shrub,2
166,3,6,MD,2,camera trap,30-May,14,vertebrate,small mammal,open,2
171,3,6,MD,2,camera trap,31-May,15,vertebrate,small mammal,open,1
241,3,7,LD,1,camera trap,03-Jun,18,vertebrate,small mammal,open,1
254,3,7,LD,1,camera trap,08-Jun,23,vertebrate,small mammal,open,1
270,3,7,LD,1,camera trap,18-May,2,vertebrate,small mammal,shrub,1
274,3,7,LD,1,camera trap,19-May,3,vertebrate,small mammal,shrub,1
279,3,7,LD,1,camera trap,20-May,4,vertebrate,small mammal,open,1
288,3,7,LD,1,camera trap,26-May,10,vertebrate,small mammal,open,1
294,3,7,LD,1,camera trap,28-May,12,vertebrate,small mammal,open,1
354,3,8,ND,0,camera trap,01-Jun,16,vertebrate,small mammal,open,1
369,3,8,ND,0,camera trap,06-Jun,21,vertebrate,small mammal,open,1
452,4,1,HD,3,camera trap,01-Jun,16,vertebrate,small mammal,shrub,1
459,4,1,HD,3,camera trap,03-Jun,18,vertebrate,small mammal,shrub,2
463,4,1,HD,3,camera trap,04-Jun,19,vertebrate,small mammal,shrub,1
472,4,1,HD,3,camera trap,07-Jun,22,vertebrate,small mammal,shrub,1
490,4,1,HD,3,camera trap,17-May,1,vertebrate,small mammal,shrub,2
493,4,1,HD,3,camera trap,18-May,2,vertebrate,small mammal,shrub,4
496,4,1,HD,3,camera trap,19-May,3,vertebrate,small mammal,shrub,5
498,4,1,HD,3,camera trap,20-May,4,vertebrate,small mammal,shrub,1
502,4,1,HD,3,camera trap,21-May,5,vertebrate,small mammal,shrub,2
503,4,1,HD,3,camera trap,22-May,5,vertebrate,small mammal,shrub,1
510,4,1,HD,3,camera trap,25-May,9,vertebrate,small mammal,shrub,2
513,4,1,HD,3,camera trap,27-May,11,vertebrate,small mammal,shrub,1
522,4,1,HD,3,camera trap,30-May,14,vertebrate,small mammal,shrub,1
582,4,2,MD,2,camera trap,01-Jun,16,vertebrate,small mammal,open,2
590,4,2,MD,2,camera trap,03-Jun,18,vertebrate,small mammal,open,1
596,4,2,MD,2,camera trap,04-Jun,19,vertebrate,small mammal,open,1
603,4,2,MD,2,camera trap,06-Jun,21,vertebrate,small mammal,shrub,1
611,4,2,MD,2,camera trap,10-Jun,25,vertebrate,small mammal,shrub,0
618,4,2,MD,2,camera trap,17-May,1,vertebrate,small mammal,shrub,1
623,4,2,MD,2,camera trap,18-May,2,vertebrate,small mammal,shrub,4
632,4,2,MD,2,camera trap,20-May,4,vertebrate,small mammal,shrub,1
637,4,2,MD,2,camera trap,21-May,5,vertebrate,small mammal,shrub,1
638,4,2,MD,2,camera trap,22-May,5,vertebrate,small mammal,shrub,3
650,4,2,MD,2,camera trap,25-May,9,vertebrate,small mammal,open,1
651,4,2,MD,2,camera trap,25-May,9,vertebrate,small mammal,shrub,1
668,4,2,MD,2,camera trap,29-May,13,vertebrate,small mammal,shrub,1
673,4,2,MD,2,camera trap,30-May,14,vertebrate,small mammal,open,2
774,4,3,LD,1,camera trap,30-May,14,vertebrate,small mammal,open,1
833,4,4,ND,0,camera trap,02-Jun,17,vertebrate,small mammal,open,1
851,4,4,ND,0,camera trap,08-Jun,23,vertebrate,small mammal,open,1
864,4,4,ND,0,camera trap,18-May,2,vertebrate,small mammal,open,4
872,4,4,ND,0,camera trap,20-May,4,vertebrate,small mammal,open,3
880,4,4,ND,0,camera trap,23-May,7,vertebrate,small mammal,open,1
888,4,4,ND,0,camera trap,26-May,10,vertebrate,small mammal,open,1
46,3,5,HD,3,focal,02-Jun-19,17,vertebrate,Uta stansburiana,shrub,1
210,3,6,MD,2,transect,07-Jun-19,22,vertebrate,Uta stansburiana,shrub,2
227,3,6,MD,2,transect,28-May-19,12,vertebrate,Uta stansburiana,shrub,1
304,3,7,LD,1,focal,02-Jun-19,17,vertebrate,Uta stansburiana,open,1
368,3,8,ND,0,camera trap,06-Jun,21,vertebrate,Uta stansburiana,open,3
440,3,8,ND,0,transect,28-May-19,12,vertebrate,Uta stansburiana,shrub,1
533,4,1,HD,3,focal,04-Jun-19,19,vertebrate,Uta stansburiana,shrub,1
610,4,2,MD,2,camera trap,10-Jun,25,vertebrate,Uta stansburiana,open,1
700,4,2,MD,2,focal,29-May-19,13,vertebrate,Uta stansburiana,shrub,1
735,4,2,MD,2,transect,29-May-19,13,vertebrate,Uta stansburiana,shrub,1
13,3,5,HD,3,camera trap,07-Jun,22,vertebrate,Vulpes macrotis,shrub,1
170,3,6,MD,2,camera trap,31-May,15,vertebrate,Vulpes macrotis,shrub,1
245,3,7,LD,1,camera trap,05-Jun,20,vertebrate,Vulpes macrotis,open,1
293,3,7,LD,1,camera trap,28-May,12,vertebrate,Vulpes macrotis,open,1
357,3,8,ND,0,camera trap,02-Jun,17,vertebrate,Vulpes macrotis,open,1
366,3,8,ND,0,camera trap,05-Jun,20,vertebrate,Vulpes macrotis,open,1
382,3,8,ND,0,camera trap,24-May,8,vertebrate,Vulpes macrotis,open,1
388,3,8,ND,0,camera trap,27-May,11,vertebrate,Vulpes macrotis,open,1
450,4,1,HD,3,camera trap,01-Jun,16,vertebrate,Vulpes macrotis,shrub,2
581,4,2,MD,2,camera trap,01-Jun,16,vertebrate,Vulpes macrotis,open,1
607,4,2,MD,2,camera trap,08-Jun,23,vertebrate,Vulpes macrotis,open,2
743,4,3,LD,1,camera trap,01-Jun,16,vertebrate,Vulpes macrotis,open,1
749,4,3,LD,1,camera trap,04-Jun,19,vertebrate,Vulpes macrotis,open,1
768,4,3,LD,1,camera trap,22-May,6,vertebrate,Vulpes macrotis,shrub,1
862,4,4,ND,0,camera trap,18-May,2,vertebrate,Vulpes macrotis,open,1
866,4,4,ND,0,camera trap,19-May,3,vertebrate,Vulpes macrotis,open,1
879,4,4,ND,0,camera trap,23-May,7,vertebrate,Vulpes macrotis,open,1
884,4,4,ND,0,camera trap,25-May,9,vertebrate,Vulpes macrotis,open,1
887,4,4,ND,0,camera trap,26-May,10,vertebrate,Vulpes macrotis,open,1